instant,season,yr,mnth,holiday,weekday,workingday,weathersit,temp,atemp,hum,windspeed,cnt
1,1.0,0.0,1,0.0,6.0,0.0,2,0.37541650000000004,0.38634999999999997,0.805833,0.160446,985
2,1.0,0.0,1,0.0,0.0,0.0,2,0.37541650000000004,0.38634999999999997,0.696087,0.2485389999999999,801
3,1.0,0.0,1,0.0,1.0,1.0,1,0.37541650000000004,0.38634999999999997,0.4372729999999999,0.248309,1349
4,1.0,0.0,1,0.0,2.0,1.0,1,0.37541650000000004,0.38634999999999997,0.590435,0.160296,1562
5,1.0,0.0,1,0.0,3.0,1.0,1,0.37541650000000004,0.38634999999999997,0.436957,0.1869,1600
6,1.0,0.0,1,0.0,4.0,1.0,1,0.37541650000000004,0.38634999999999997,0.518261,0.0895652,1606
7,1.0,0.0,1,0.0,5.0,1.0,2,0.37541650000000004,0.38634999999999997,0.498696,0.168726,1510
8,1.0,0.0,1,0.0,6.0,0.0,2,0.37541650000000004,0.38634999999999997,0.535833,0.266804,959
9,1.0,0.0,1,0.0,0.0,0.0,1,0.37541650000000004,0.38634999999999997,0.434167,0.36195,822
10,1.0,0.0,1,0.0,1.0,1.0,1,0.37541650000000004,0.38634999999999997,0.482917,0.223267,1321
11,1.0,0.0,1,0.0,2.0,1.0,2,0.37541650000000004,0.38634999999999997,0.6863640000000001,0.1221319999999999,1263
12,1.0,0.0,1,0.0,3.0,1.0,1,0.37541650000000004,0.38634999999999997,0.599545,0.304627,1162
13,1.0,0.0,1,0.0,4.0,1.0,1,0.37541650000000004,0.38634999999999997,0.470417,0.301,1406
14,1.0,0.0,1,0.0,5.0,1.0,1,0.37541650000000004,0.38634999999999997,0.537826,0.126548,1421
15,1.0,0.0,1,0.0,6.0,0.0,2,0.37541650000000004,0.38634999999999997,0.49875,0.157963,1248
16,1.0,0.0,1,0.0,0.0,0.0,1,0.37541650000000004,0.38634999999999997,0.48375,0.188433,1204
17,1.0,0.0,1,1.0,1.0,0.0,2,0.37541650000000004,0.38634999999999997,0.5375,0.194017,1000
18,1.0,0.0,1,0.0,2.0,1.0,2,0.37541650000000004,0.38634999999999997,0.861667,0.146775,683
19,1.0,0.0,1,0.0,3.0,1.0,2,0.37541650000000004,0.38634999999999997,0.741739,0.208317,1650
20,1.0,0.0,1,0.0,4.0,1.0,2,0.37541650000000004,0.38634999999999997,0.538333,0.195904,1927
21,1.0,0.0,1,0.0,5.0,1.0,1,0.37541650000000004,0.38634999999999997,0.457083,0.353242,1543
22,1.0,0.0,1,0.0,6.0,0.0,1,0.37541650000000004,0.38634999999999997,0.4,0.17197,981
23,1.0,0.0,1,0.0,0.0,0.0,1,0.37541650000000004,0.38634999999999997,0.436522,0.2466,986
24,1.0,0.0,1,0.0,1.0,1.0,1,0.37541650000000004,0.38634999999999997,0.491739,0.15833,1416
25,1.0,0.0,1,0.0,2.0,1.0,2,0.37541650000000004,0.38634999999999997,0.616957,0.129796,1985
26,1.0,0.0,1,0.0,3.0,1.0,3,0.37541650000000004,0.38634999999999997,0.8625,0.29385,506
27,1.0,0.0,1,0.0,4.0,1.0,1,0.37541650000000004,0.38634999999999997,0.6875,0.113837,431
28,1.0,0.0,1,0.0,5.0,1.0,2,0.37541650000000004,0.38634999999999997,0.793043,0.1233,1167
29,1.0,0.0,1,0.0,6.0,0.0,1,0.37541650000000004,0.38634999999999997,0.6517390000000001,0.145365,1098
30,1.0,0.0,1,0.0,0.0,0.0,1,0.37541650000000004,0.38634999999999997,0.722174,0.0739826,1096
31,1.0,0.0,1,0.0,1.0,1.0,2,0.37541650000000004,0.38634999999999997,0.60375,0.187192,1501
32,1.0,0.0,2,0.0,2.0,1.0,2,0.37541650000000004,0.38634999999999997,0.829565,0.0532129999999999,1360
33,1.0,0.0,2,0.0,3.0,1.0,2,0.37541650000000004,0.38634999999999997,0.775417,0.264308,1526
34,1.0,0.0,2,0.0,4.0,1.0,1,0.37541650000000004,0.38634999999999997,0.437826,0.277752,1550
35,1.0,0.0,2,0.0,5.0,1.0,2,0.37541650000000004,0.38634999999999997,0.585217,0.127839,1708
36,1.0,0.0,2,0.0,6.0,0.0,2,0.37541650000000004,0.38634999999999997,0.929167,0.161079,1005
37,1.0,0.0,2,0.0,0.0,0.0,1,0.37541650000000004,0.38634999999999997,0.568333,0.1418,1623
38,1.0,0.0,2,0.0,1.0,1.0,1,0.37541650000000004,0.38634999999999997,0.738333,0.0454083,1712
39,1.0,0.0,2,0.0,2.0,1.0,1,0.37541650000000004,0.38634999999999997,0.537917,0.36195,1530
40,1.0,0.0,2,0.0,3.0,1.0,2,0.37541650000000004,0.38634999999999997,0.494783,0.188839,1605
41,1.0,0.0,2,0.0,4.0,1.0,1,0.37541650000000004,0.38634999999999997,0.437391,0.221935,1538
42,1.0,0.0,2,0.0,5.0,1.0,1,0.37541650000000004,0.38634999999999997,0.506364,0.10855,1746
43,1.0,0.0,2,0.0,6.0,0.0,1,0.37541650000000004,0.38634999999999997,0.544167,0.203367,1472
44,1.0,0.0,2,0.0,0.0,0.0,1,0.37541650000000004,0.38634999999999997,0.457391,0.260883,1589
45,1.0,0.0,2,0.0,1.0,1.0,1,0.37541650000000004,0.38634999999999997,0.375833,0.417908,1913
46,1.0,0.0,2,0.0,2.0,1.0,1,0.37541650000000004,0.38634999999999997,0.314348,0.2913739999999999,1815
47,1.0,0.0,2,0.0,3.0,1.0,1,0.37541650000000004,0.38634999999999997,0.4234779999999999,0.251791,2115
48,1.0,0.0,2,0.0,4.0,1.0,1,0.37541650000000004,0.38634999999999997,0.505,0.230104,2475
49,1.0,0.0,2,0.0,5.0,1.0,1,0.37541650000000004,0.38634999999999997,0.516667,0.264925,2927
50,1.0,0.0,2,0.0,6.0,0.0,1,0.37541650000000004,0.38634999999999997,0.187917,0.507463,1635
51,1.0,0.0,2,0.0,0.0,0.0,1,0.37541650000000004,0.38634999999999997,0.407826,0.223235,1812
52,1.0,0.0,2,1.0,1.0,0.0,2,0.37541650000000004,0.38634999999999997,0.605,0.307846,1107
53,1.0,0.0,2,0.0,2.0,1.0,1,0.37541650000000004,0.38634999999999997,0.577778,0.195683,1450
54,1.0,0.0,2,0.0,3.0,1.0,1,0.37541650000000004,0.38634999999999997,0.423043,0.094113,1917
55,1.0,0.0,2,0.0,4.0,1.0,2,0.37541650000000004,0.38634999999999997,0.697391,0.250496,1807
56,1.0,0.0,2,0.0,5.0,1.0,2,0.37541650000000004,0.38634999999999997,0.712174,0.346539,1461
57,1.0,0.0,2,0.0,6.0,0.0,1,0.37541650000000004,0.38634999999999997,0.537917,0.180971,1969
58,1.0,0.0,2,0.0,0.0,0.0,1,0.37541650000000004,0.38634999999999997,0.68,0.125248,2402
59,1.0,0.0,2,0.0,1.0,1.0,2,0.37541650000000004,0.38634999999999997,0.8763639999999999,0.289686,1446
60,1.0,0.0,3,0.0,2.0,1.0,1,0.37541650000000004,0.38634999999999997,0.535,0.216425,1851
61,1.0,0.0,3,0.0,3.0,1.0,1,0.37541650000000004,0.38634999999999997,0.449583,0.3078329999999999,2134
62,1.0,0.0,3,0.0,4.0,1.0,1,0.37541650000000004,0.38634999999999997,0.318333,0.225754,1685
63,1.0,0.0,3,0.0,5.0,1.0,2,0.37541650000000004,0.38634999999999997,0.610417,0.203346,1944
64,1.0,0.0,3,0.0,6.0,0.0,2,0.37541650000000004,0.38634999999999997,0.789167,0.251871,2077
65,1.0,0.0,3,0.0,0.0,0.0,2,0.37541650000000004,0.38634999999999997,0.948261,0.343287,605
66,1.0,0.0,3,0.0,1.0,1.0,1,0.37541650000000004,0.38634999999999997,0.551304,0.341352,1872
67,1.0,0.0,3,0.0,2.0,1.0,1,0.37541650000000004,0.38634999999999997,0.420833,0.12065,2133
68,1.0,0.0,3,0.0,3.0,1.0,2,0.37541650000000004,0.38634999999999997,0.775417,0.22015,1891
69,1.0,0.0,3,0.0,4.0,1.0,3,0.37541650000000004,0.38634999999999997,0.0,0.2618769999999999,623
70,1.0,0.0,3,0.0,5.0,1.0,2,0.37541650000000004,0.38634999999999997,0.649565,0.2329699999999999,1977
71,1.0,0.0,3,0.0,6.0,0.0,1,0.37541650000000004,0.38634999999999997,0.594583,0.220775,2132
72,1.0,0.0,3,0.0,0.0,0.0,1,0.37541650000000004,0.38634999999999997,0.5273909999999999,0.270604,2417
73,1.0,0.0,3,0.0,1.0,1.0,1,0.37541650000000004,0.38634999999999997,0.496957,0.136926,2046
74,1.0,0.0,3,0.0,2.0,1.0,2,0.37541650000000004,0.38634999999999997,0.655652,0.184309,2056
75,1.0,0.0,3,0.0,3.0,1.0,2,0.37541650000000004,0.38634999999999997,0.776522,0.203117,2192
76,1.0,0.0,3,0.0,4.0,1.0,1,0.37541650000000004,0.38634999999999997,0.602917,0.209579,2744
77,1.0,0.0,3,0.0,5.0,1.0,1,0.37541650000000004,0.38634999999999997,0.525217,0.231017,3239
78,1.0,0.0,3,0.0,6.0,0.0,1,0.37541650000000004,0.38634999999999997,0.379167,0.368167,3117
79,1.0,0.0,3,0.0,0.0,0.0,1,0.37541650000000004,0.38634999999999997,0.47375,0.207721,2471
80,2.0,0.0,3,0.0,1.0,1.0,2,0.37541650000000004,0.38634999999999997,0.737391,0.288783,2077
81,2.0,0.0,3,0.0,2.0,1.0,1,0.37541650000000004,0.38634999999999997,0.624583,0.22575,2703
82,2.0,0.0,3,0.0,3.0,1.0,2,0.37541650000000004,0.38634999999999997,0.839565,0.180971,2121
83,2.0,0.0,3,0.0,4.0,1.0,2,0.37541650000000004,0.38634999999999997,0.805833,0.2437869999999999,1865
84,2.0,0.0,3,0.0,5.0,1.0,1,0.37541650000000004,0.38634999999999997,0.495,0.230725,2210
85,2.0,0.0,3,0.0,6.0,0.0,1,0.37541650000000004,0.38634999999999997,0.394167,0.209571,2496
86,2.0,0.0,3,0.0,0.0,0.0,2,0.37541650000000004,0.38634999999999997,0.493913,0.1843,1693
87,2.0,0.0,3,0.0,1.0,1.0,1,0.37541650000000004,0.38634999999999997,0.302174,0.212204,2028
88,2.0,0.0,3,0.0,2.0,1.0,1,0.37541650000000004,0.38634999999999997,0.314167,0.226996,2425
89,2.0,0.0,3,0.0,3.0,1.0,2,0.37541650000000004,0.38634999999999997,0.646667,0.172888,1536
90,2.0,0.0,3,0.0,4.0,1.0,3,0.37541650000000004,0.38634999999999997,0.918333,0.217646,1685
91,2.0,0.0,4,0.0,5.0,1.0,2,0.37541650000000004,0.38634999999999997,0.68625,0.258708,2227
92,2.0,0.0,4,0.0,6.0,0.0,2,0.37541650000000004,0.38634999999999997,0.65375,0.197146,2252
93,2.0,0.0,4,0.0,0.0,0.0,1,0.37541650000000004,0.38634999999999997,0.48,0.182213,3249
94,2.0,0.0,4,0.0,1.0,1.0,1,0.37541650000000004,0.38634999999999997,0.42625,0.385571,3115
95,2.0,0.0,4,0.0,2.0,1.0,2,0.37541650000000004,0.38634999999999997,0.642083,0.388067,1795
96,2.0,0.0,4,0.0,3.0,1.0,1,0.37541650000000004,0.38634999999999997,0.470833,0.263063,2808
97,2.0,0.0,4,0.0,4.0,1.0,1,0.37541650000000004,0.38634999999999997,0.602917,0.1623119999999999,3141
98,2.0,0.0,4,0.0,5.0,1.0,2,0.37541650000000004,0.38634999999999997,0.83625,0.226992,1471
99,2.0,0.0,4,0.0,6.0,0.0,2,0.37541650000000004,0.38634999999999997,0.8775,0.1330829999999999,2455
100,2.0,0.0,4,0.0,0.0,0.0,2,0.37541650000000004,0.38634999999999997,0.8575,0.146767,2895
101,2.0,0.0,4,0.0,1.0,1.0,2,0.37541650000000004,0.38634999999999997,0.716956,0.324474,3348
102,2.0,0.0,4,0.0,2.0,1.0,2,0.37541650000000004,0.38634999999999997,0.739167,0.274879,2034
103,2.0,0.0,4,0.0,3.0,1.0,2,0.37541650000000004,0.38634999999999997,0.819167,0.250617,2162
104,2.0,0.0,4,0.0,4.0,1.0,1,0.37541650000000004,0.38634999999999997,0.540417,0.1107,3267
105,2.0,0.0,4,1.0,5.0,0.0,1,0.37541650000000004,0.38634999999999997,0.67125,0.226375,3126
106,2.0,0.0,4,0.0,6.0,0.0,3,0.37541650000000004,0.38634999999999997,0.888333,0.340808,795
107,2.0,0.0,4,0.0,0.0,0.0,1,0.37541650000000004,0.38634999999999997,0.479583,0.303496,3744
108,2.0,0.0,4,0.0,1.0,1.0,1,0.37541650000000004,0.38634999999999997,0.5425,0.163567,3429
109,2.0,0.0,4,0.0,2.0,1.0,2,0.37541650000000004,0.38634999999999997,0.665833,0.157971,3204
110,2.0,0.0,4,0.0,3.0,1.0,1,0.37541650000000004,0.38634999999999997,0.614167,0.241925,3944
111,2.0,0.0,4,0.0,4.0,1.0,1,0.37541650000000004,0.38634999999999997,0.407083,0.325258,4189
112,2.0,0.0,4,0.0,5.0,1.0,2,0.37541650000000004,0.38634999999999997,0.729583,0.219521,1683
113,2.0,0.0,4,0.0,6.0,0.0,2,0.37541650000000004,0.38634999999999997,0.887917,0.230725,4036
114,2.0,0.0,4,0.0,0.0,0.0,2,0.37541650000000004,0.38634999999999997,0.810833,0.192175,4191
115,2.0,0.0,4,0.0,1.0,1.0,1,0.37541650000000004,0.38634999999999997,0.776667,0.185333,4073
116,2.0,0.0,4,0.0,2.0,1.0,1,0.37541650000000004,0.38634999999999997,0.729167,0.3265,4400
117,2.0,0.0,4,0.0,3.0,1.0,2,0.37541650000000004,0.38634999999999997,0.835417,0.3122,3872
118,2.0,0.0,4,0.0,4.0,1.0,2,0.37541650000000004,0.38634999999999997,0.700833,0.3209079999999999,4058
119,2.0,0.0,4,0.0,5.0,1.0,1,0.37541650000000004,0.38634999999999997,0.457083,0.240063,4595
120,2.0,0.0,4,0.0,6.0,0.0,1,0.37541650000000004,0.38634999999999997,0.503333,0.235075,5312
121,2.0,0.0,5,0.0,0.0,0.0,2,0.37541650000000004,0.38634999999999997,0.762083,0.1063539999999999,3351
122,2.0,0.0,5,0.0,1.0,1.0,2,0.37541650000000004,0.38634999999999997,0.73,0.183454,4401
123,2.0,0.0,5,0.0,2.0,1.0,2,0.37541650000000004,0.38634999999999997,0.697083,0.342667,4451
124,2.0,0.0,5,0.0,3.0,1.0,2,0.37541650000000004,0.38634999999999997,0.737083,0.328996,2633
125,2.0,0.0,5,0.0,4.0,1.0,1,0.37541650000000004,0.38634999999999997,0.444167,0.295392,4433
126,2.0,0.0,5,0.0,5.0,1.0,1,0.37541650000000004,0.38634999999999997,0.59,0.228246,4608
127,2.0,0.0,5,0.0,6.0,0.0,1,0.37541650000000004,0.38634999999999997,0.54125,0.16045,4714
128,2.0,0.0,5,0.0,0.0,0.0,1,0.37541650000000004,0.38634999999999997,0.631667,0.0746375,4333
129,2.0,0.0,5,0.0,1.0,1.0,1,0.37541650000000004,0.38634999999999997,0.58875,0.180971,4362
130,2.0,0.0,5,0.0,2.0,1.0,1,0.37541650000000004,0.38634999999999997,0.646667,0.115671,4803
131,2.0,0.0,5,0.0,3.0,1.0,1,0.37541650000000004,0.38634999999999997,0.632917,0.120642,4182
132,2.0,0.0,5,0.0,4.0,1.0,1,0.37541650000000004,0.38634999999999997,0.7475,0.189667,4864
133,2.0,0.0,5,0.0,5.0,1.0,2,0.37541650000000004,0.38634999999999997,0.863333,0.179725,4105
134,2.0,0.0,5,0.0,6.0,0.0,2,0.37541650000000004,0.38634999999999997,0.9225,0.13495,3409
135,2.0,0.0,5,0.0,0.0,0.0,2,0.37541650000000004,0.38634999999999997,0.867083,0.152979,4553
136,2.0,0.0,5,0.0,1.0,1.0,1,0.37541650000000004,0.38634999999999997,0.787917,0.126871,3958
137,2.0,0.0,5,0.0,2.0,1.0,2,0.37541650000000004,0.38634999999999997,0.837917,0.277354,4123
138,2.0,0.0,5,0.0,3.0,1.0,2,0.37541650000000004,0.38634999999999997,0.87,0.201492,3855
139,2.0,0.0,5,0.0,4.0,1.0,2,0.37541650000000004,0.38634999999999997,0.829583,0.108213,4575
140,2.0,0.0,5,0.0,5.0,1.0,1,0.37541650000000004,0.38634999999999997,0.719583,0.125013,4917
141,2.0,0.0,5,0.0,6.0,0.0,1,0.37541650000000004,0.38634999999999997,0.626667,0.12065,5805
142,2.0,0.0,5,0.0,0.0,0.0,1,0.37541650000000004,0.38634999999999997,0.749583,0.148008,4660
143,2.0,0.0,5,0.0,1.0,1.0,2,0.37541650000000004,0.38634999999999997,0.81,0.233842,4274
144,2.0,0.0,5,0.0,2.0,1.0,2,0.37541650000000004,0.38634999999999997,0.740833,0.207092,4492
145,2.0,0.0,5,0.0,3.0,1.0,1,0.37541650000000004,0.38634999999999997,0.69625,0.1542329999999999,4978
146,2.0,0.0,5,0.0,4.0,1.0,1,0.37541650000000004,0.38634999999999997,0.6775,0.199642,4677
147,2.0,0.0,5,0.0,5.0,1.0,1,0.37541650000000004,0.38634999999999997,0.65375,0.240679,4679
148,2.0,0.0,5,0.0,6.0,0.0,1,0.37541650000000004,0.38634999999999997,0.729583,0.230092,4758
149,2.0,0.0,5,0.0,0.0,0.0,1,0.37541650000000004,0.38634999999999997,0.81875,0.213938,4788
150,2.0,0.0,5,1.0,1.0,0.0,1,0.37541650000000004,0.38634999999999997,0.685,0.131225,4098
151,2.0,0.0,5,0.0,2.0,1.0,1,0.37541650000000004,0.38634999999999997,0.636667,0.111329,3982
152,2.0,0.0,6,0.0,3.0,1.0,2,0.37541650000000004,0.38634999999999997,0.677083,0.207092,3974
153,2.0,0.0,6,0.0,4.0,1.0,1,0.37541650000000004,0.38634999999999997,0.305,0.2922869999999999,4968
154,2.0,0.0,6,0.0,5.0,1.0,1,0.37541650000000004,0.38634999999999997,0.354167,0.253121,5312
155,2.0,0.0,6,0.0,6.0,0.0,1,0.37541650000000004,0.38634999999999997,0.45625,0.123142,5342
156,2.0,0.0,6,0.0,0.0,0.0,2,0.37541650000000004,0.38634999999999997,0.6525,0.138692,4906
157,2.0,0.0,6,0.0,1.0,1.0,1,0.37541650000000004,0.38634999999999997,0.6,0.121896,4548
158,2.0,0.0,6,0.0,2.0,1.0,1,0.37541650000000004,0.38634999999999997,0.597917,0.187808,4833
159,2.0,0.0,6,0.0,3.0,1.0,1,0.37541650000000004,0.38634999999999997,0.6220829999999999,0.136817,4401
160,2.0,0.0,6,0.0,4.0,1.0,2,0.37541650000000004,0.38634999999999997,0.568333,0.149883,3915
161,2.0,0.0,6,0.0,5.0,1.0,1,0.37541650000000004,0.38634999999999997,0.605,0.1405539999999999,4586
162,2.0,0.0,6,0.0,6.0,0.0,1,0.37541650000000004,0.38634999999999997,0.654583,0.15485,4966
163,2.0,0.0,6,0.0,0.0,0.0,1,0.37541650000000004,0.38634999999999997,0.747917,0.163567,4460
164,2.0,0.0,6,0.0,1.0,1.0,1,0.37541650000000004,0.38634999999999997,0.494583,0.30535,5020
165,2.0,0.0,6,0.0,2.0,1.0,1,0.37541650000000004,0.38634999999999997,0.507083,0.269283,4891
166,2.0,0.0,6,0.0,3.0,1.0,1,0.37541650000000004,0.38634999999999997,0.471667,0.1679119999999999,5180
167,2.0,0.0,6,0.0,4.0,1.0,2,0.37541650000000004,0.38634999999999997,0.688333,0.206471,3767
168,2.0,0.0,6,0.0,5.0,1.0,1,0.37541650000000004,0.38634999999999997,0.735833,0.143029,4844
169,2.0,0.0,6,0.0,6.0,0.0,1,0.37541650000000004,0.38634999999999997,0.670417,0.1194079999999999,5119
170,2.0,0.0,6,0.0,0.0,0.0,2,0.37541650000000004,0.38634999999999997,0.666667,0.102,4744
171,2.0,0.0,6,0.0,1.0,1.0,2,0.37541650000000004,0.38634999999999997,0.74625,0.155475,4010
172,3.0,0.0,6,0.0,2.0,1.0,2,0.37541650000000004,0.38634999999999997,0.770417,0.171025,4835
173,3.0,0.0,6,0.0,3.0,1.0,1,0.37541650000000004,0.38634999999999997,0.7075,0.172262,4507
174,3.0,0.0,6,0.0,4.0,1.0,2,0.37541650000000004,0.38634999999999997,0.703333,0.238804,4790
175,3.0,0.0,6,0.0,5.0,1.0,1,0.37541650000000004,0.38634999999999997,0.573333,0.222025,4991
176,3.0,0.0,6,0.0,6.0,0.0,1,0.37541650000000004,0.38634999999999997,0.483333,0.209571,5202
177,3.0,0.0,6,0.0,0.0,0.0,1,0.37541650000000004,0.38634999999999997,0.513333,0.0945333,5305
178,3.0,0.0,6,0.0,1.0,1.0,2,0.37541650000000004,0.38634999999999997,0.658333,0.107588,4708
179,3.0,0.0,6,0.0,2.0,1.0,1,0.37541650000000004,0.38634999999999997,0.634167,0.144283,4648
180,3.0,0.0,6,0.0,3.0,1.0,1,0.37541650000000004,0.38634999999999997,0.497917,0.261821,5225
181,3.0,0.0,6,0.0,4.0,1.0,1,0.37541650000000004,0.38634999999999997,0.434167,0.1853119999999999,5515
182,3.0,0.0,7,0.0,5.0,1.0,1,0.37541650000000004,0.38634999999999997,0.39625,0.1026079999999999,5362
183,3.0,0.0,7,0.0,6.0,0.0,1,0.37541650000000004,0.38634999999999997,0.444583,0.1150619999999999,5119
184,3.0,0.0,7,0.0,0.0,0.0,2,0.37541650000000004,0.38634999999999997,0.6825,0.228858,4649
185,3.0,0.0,7,1.0,1.0,0.0,2,0.37541650000000004,0.38634999999999997,0.637917,0.0814791999999999,6043
186,3.0,0.0,7,0.0,2.0,1.0,1,0.37541650000000004,0.38634999999999997,0.590417,0.1262579999999999,4665
187,3.0,0.0,7,0.0,3.0,1.0,1,0.37541650000000004,0.38634999999999997,0.743333,0.149883,4629
188,3.0,0.0,7,0.0,4.0,1.0,1,0.37541650000000004,0.38634999999999997,0.65125,0.1592,4592
189,3.0,0.0,7,0.0,5.0,1.0,2,0.37541650000000004,0.38634999999999997,0.757917,0.225129,4040
190,3.0,0.0,7,0.0,6.0,0.0,1,0.37541650000000004,0.38634999999999997,0.609167,0.1679119999999999,5336
191,3.0,0.0,7,0.0,0.0,0.0,1,0.37541650000000004,0.38634999999999997,0.578333,0.183471,4881
192,3.0,0.0,7,0.0,1.0,1.0,1,0.37541650000000004,0.38634999999999997,0.635833,0.282337,4086
193,3.0,0.0,7,0.0,2.0,1.0,1,0.37541650000000004,0.38634999999999997,0.559167,0.200254,4258
194,3.0,0.0,7,0.0,3.0,1.0,1,0.37541650000000004,0.38634999999999997,0.631667,0.1461329999999999,4342
195,3.0,0.0,7,0.0,4.0,1.0,1,0.37541650000000004,0.38634999999999997,0.47625,0.240667,5084
196,3.0,0.0,7,0.0,5.0,1.0,1,0.37541650000000004,0.38634999999999997,0.59125,0.182833,5538
197,3.0,0.0,7,0.0,6.0,0.0,1,0.37541650000000004,0.38634999999999997,0.585,0.208342,5923
198,3.0,0.0,7,0.0,0.0,0.0,1,0.37541650000000004,0.38634999999999997,0.604167,0.245033,5302
199,3.0,0.0,7,0.0,1.0,1.0,1,0.37541650000000004,0.38634999999999997,0.65125,0.215804,4458
200,3.0,0.0,7,0.0,2.0,1.0,1,0.37541650000000004,0.38634999999999997,0.650417,0.1306,4541
201,3.0,0.0,7,0.0,3.0,1.0,1,0.37541650000000004,0.38634999999999997,0.707083,0.113817,4332
202,3.0,0.0,7,0.0,4.0,1.0,2,0.37541650000000004,0.38634999999999997,0.69125,0.222021,3784
203,3.0,0.0,7,0.0,5.0,1.0,1,0.37541650000000004,0.38634999999999997,0.580417,0.1331,3387
204,3.0,0.0,7,0.0,6.0,0.0,1,0.37541650000000004,0.38634999999999997,0.5,0.131221,3285
205,3.0,0.0,7,0.0,0.0,0.0,1,0.37541650000000004,0.38634999999999997,0.550833,0.169171,3606
206,3.0,0.0,7,0.0,1.0,1.0,1,0.37541650000000004,0.38634999999999997,0.757083,0.0908083,3840
207,3.0,0.0,7,0.0,2.0,1.0,1,0.37541650000000004,0.38634999999999997,0.540833,0.200258,4590
208,3.0,0.0,7,0.0,3.0,1.0,1,0.37541650000000004,0.38634999999999997,0.402917,0.183463,4656
209,3.0,0.0,7,0.0,4.0,1.0,1,0.37541650000000004,0.38634999999999997,0.583333,0.178479,4390
210,3.0,0.0,7,0.0,5.0,1.0,1,0.37541650000000004,0.38634999999999997,0.5425,0.174138,3846
211,3.0,0.0,7,0.0,6.0,0.0,1,0.37541650000000004,0.38634999999999997,0.465833,0.168537,4475
212,3.0,0.0,7,0.0,0.0,0.0,1,0.37541650000000004,0.38634999999999997,0.480833,0.164813,4302
213,3.0,0.0,8,0.0,1.0,1.0,1,0.37541650000000004,0.38634999999999997,0.550833,0.156717,4266
214,3.0,0.0,8,0.0,2.0,1.0,1,0.37541650000000004,0.38634999999999997,0.635833,0.20585,4845
215,3.0,0.0,8,0.0,3.0,1.0,2,0.37541650000000004,0.38634999999999997,0.6575,0.1355829999999999,3574
216,3.0,0.0,8,0.0,4.0,1.0,2,0.37541650000000004,0.38634999999999997,0.7575,0.19715,4576
217,3.0,0.0,8,0.0,5.0,1.0,1,0.37541650000000004,0.38634999999999997,0.630833,0.184696,4866
218,3.0,0.0,8,0.0,6.0,0.0,2,0.37541650000000004,0.38634999999999997,0.755,0.22825,4294
219,3.0,0.0,8,0.0,0.0,0.0,1,0.37541650000000004,0.38634999999999997,0.7529170000000001,0.201487,3785
220,3.0,0.0,8,0.0,1.0,1.0,1,0.37541650000000004,0.38634999999999997,0.592083,0.192175,4326
221,3.0,0.0,8,0.0,2.0,1.0,1,0.37541650000000004,0.38634999999999997,0.570417,0.151121,4602
222,3.0,0.0,8,0.0,3.0,1.0,1,0.37541650000000004,0.38634999999999997,0.424167,0.200258,4780
223,3.0,0.0,8,0.0,4.0,1.0,1,0.37541650000000004,0.38634999999999997,0.42375,0.164796,4792
224,3.0,0.0,8,0.0,5.0,1.0,1,0.37541650000000004,0.38634999999999997,0.415,0.125621,4905
225,3.0,0.0,8,0.0,6.0,0.0,2,0.37541650000000004,0.38634999999999997,0.729583,0.211454,4150
226,3.0,0.0,8,0.0,0.0,0.0,2,0.37541650000000004,0.38634999999999997,0.8175,0.222633,3820
227,3.0,0.0,8,0.0,1.0,1.0,1,0.37541650000000004,0.38634999999999997,0.712083,0.208954,4338
228,3.0,0.0,8,0.0,2.0,1.0,1,0.37541650000000004,0.38634999999999997,0.578333,0.2363289999999999,4725
229,3.0,0.0,8,0.0,3.0,1.0,1,0.37541650000000004,0.38634999999999997,0.575417,0.143667,4694
230,3.0,0.0,8,0.0,4.0,1.0,1,0.37541650000000004,0.38634999999999997,0.654583,0.233208,3805
231,3.0,0.0,8,0.0,5.0,1.0,2,0.37541650000000004,0.38634999999999997,0.722917,0.139308,4153
232,3.0,0.0,8,0.0,6.0,0.0,1,0.37541650000000004,0.38634999999999997,0.674167,0.104467,5191
233,3.0,0.0,8,0.0,0.0,0.0,1,0.37541650000000004,0.38634999999999997,0.77,0.248754,3873
234,3.0,0.0,8,0.0,1.0,1.0,1,0.37541650000000004,0.38634999999999997,0.47,0.27675,4758
235,3.0,0.0,8,0.0,2.0,1.0,1,0.37541650000000004,0.38634999999999997,0.455417,0.146763,5895
236,3.0,0.0,8,0.0,3.0,1.0,1,0.37541650000000004,0.38634999999999997,0.605,0.253108,5130
237,3.0,0.0,8,0.0,4.0,1.0,2,0.37541650000000004,0.38634999999999997,0.771667,0.210833,3542
238,3.0,0.0,8,0.0,5.0,1.0,1,0.37541650000000004,0.38634999999999997,0.76125,0.0839625,4661
239,3.0,0.0,8,0.0,6.0,0.0,2,0.37541650000000004,0.38634999999999997,0.85,0.375617,1115
240,3.0,0.0,8,0.0,0.0,0.0,1,0.37541650000000004,0.38634999999999997,0.561765,0.304659,4334
241,3.0,0.0,8,0.0,1.0,1.0,1,0.37541650000000004,0.38634999999999997,0.554583,0.159825,4634
242,3.0,0.0,8,0.0,2.0,1.0,1,0.37541650000000004,0.38634999999999997,0.548333,0.1250079999999999,5204
243,3.0,0.0,8,0.0,3.0,1.0,1,0.37541650000000004,0.38634999999999997,0.597917,0.0833333,5058
244,3.0,0.0,9,0.0,4.0,1.0,1,0.37541650000000004,0.38634999999999997,0.639167,0.141796,5115
245,3.0,0.0,9,0.0,5.0,1.0,2,0.37541650000000004,0.38634999999999997,0.727083,0.139929,4727
246,3.0,0.0,9,0.0,6.0,0.0,1,0.37541650000000004,0.38634999999999997,0.716667,0.185325,4484
247,3.0,0.0,9,0.0,0.0,0.0,1,0.37541650000000004,0.38634999999999997,0.742083,0.206467,4940
248,3.0,0.0,9,1.0,1.0,0.0,2,0.37541650000000004,0.38634999999999997,0.790417,0.212696,3351
249,3.0,0.0,9,0.0,2.0,1.0,3,0.37541650000000004,0.38634999999999997,0.886957,0.343943,2710
250,3.0,0.0,9,0.0,3.0,1.0,3,0.37541650000000004,0.38634999999999997,0.917083,0.0970208,1996
251,3.0,0.0,9,0.0,4.0,1.0,3,0.37541650000000004,0.38634999999999997,0.939565,0.192748,1842
252,3.0,0.0,9,0.0,5.0,1.0,2,0.37541650000000004,0.38634999999999997,0.897917,0.1243789999999999,3544
253,3.0,0.0,9,0.0,6.0,0.0,1,0.37541650000000004,0.38634999999999997,0.75375,0.153608,5345
254,3.0,0.0,9,0.0,0.0,0.0,1,0.37541650000000004,0.38634999999999997,0.71375,0.1150539999999999,5046
255,3.0,0.0,9,0.0,1.0,1.0,1,0.37541650000000004,0.38634999999999997,0.692174,0.088913,4713
256,3.0,0.0,9,0.0,2.0,1.0,1,0.37541650000000004,0.38634999999999997,0.7125,0.1418039999999999,4763
257,3.0,0.0,9,0.0,3.0,1.0,1,0.37541650000000004,0.38634999999999997,0.697083,0.1673,4785
258,3.0,0.0,9,0.0,4.0,1.0,2,0.37541650000000004,0.38634999999999997,0.709167,0.271146,3659
259,3.0,0.0,9,0.0,5.0,1.0,2,0.37541650000000004,0.38634999999999997,0.590417,0.164183,4760
260,3.0,0.0,9,0.0,6.0,0.0,2,0.37541650000000004,0.38634999999999997,0.718333,0.189675,4511
261,3.0,0.0,9,0.0,0.0,0.0,1,0.37541650000000004,0.38634999999999997,0.695,0.178483,4274
262,3.0,0.0,9,0.0,1.0,1.0,2,0.37541650000000004,0.38634999999999997,0.69,0.151742,4539
263,3.0,0.0,9,0.0,2.0,1.0,2,0.37541650000000004,0.38634999999999997,0.88125,0.134954,3641
264,3.0,0.0,9,0.0,3.0,1.0,2,0.37541650000000004,0.38634999999999997,0.9,0.0964042,4352
265,3.0,0.0,9,0.0,4.0,1.0,2,0.37541650000000004,0.38634999999999997,0.902083,0.128125,4795
266,4.0,0.0,9,0.0,5.0,1.0,2,0.37541650000000004,0.38634999999999997,0.9725,0.0783667,2395
267,4.0,0.0,9,0.0,6.0,0.0,2,0.37541650000000004,0.38634999999999997,0.8625,0.0783833,5423
268,4.0,0.0,9,0.0,0.0,0.0,2,0.37541650000000004,0.38634999999999997,0.845,0.0503792,5010
269,4.0,0.0,9,0.0,1.0,1.0,2,0.37541650000000004,0.38634999999999997,0.848333,0.1107,4630
270,4.0,0.0,9,0.0,2.0,1.0,2,0.37541650000000004,0.38634999999999997,0.885417,0.118171,4120
271,4.0,0.0,9,0.0,3.0,1.0,2,0.37541650000000004,0.38634999999999997,0.84875,0.1486289999999999,3907
272,4.0,0.0,9,0.0,4.0,1.0,1,0.37541650000000004,0.38634999999999997,0.699167,0.1728829999999999,4839
273,4.0,0.0,9,0.0,5.0,1.0,1,0.37541650000000004,0.38634999999999997,0.6475,0.206475,5202
274,4.0,0.0,10,0.0,6.0,0.0,2,0.37541650000000004,0.38634999999999997,0.75375,0.292296,2429
275,4.0,0.0,10,0.0,0.0,0.0,2,0.37541650000000004,0.38634999999999997,0.791667,0.222013,2918
276,4.0,0.0,10,0.0,1.0,1.0,2,0.37541650000000004,0.38634999999999997,0.760833,0.0833458,3570
277,4.0,0.0,10,0.0,2.0,1.0,1,0.37541650000000004,0.38634999999999997,0.71,0.205854,4456
278,4.0,0.0,10,0.0,3.0,1.0,1,0.37541650000000004,0.38634999999999997,0.647917,0.17725,4826
279,4.0,0.0,10,0.0,4.0,1.0,1,0.37541650000000004,0.38634999999999997,0.620833,0.134954,4765
280,4.0,0.0,10,0.0,5.0,1.0,1,0.37541650000000004,0.38634999999999997,0.684167,0.0223917,4985
281,4.0,0.0,10,0.0,6.0,0.0,1,0.37541650000000004,0.38634999999999997,0.70125,0.0454042,5409
282,4.0,0.0,10,0.0,0.0,0.0,1,0.37541650000000004,0.38634999999999997,0.7275,0.06345,5511
283,4.0,0.0,10,1.0,1.0,0.0,1,0.37541650000000004,0.38634999999999997,0.73375,0.0423042,5117
284,4.0,0.0,10,0.0,2.0,1.0,2,0.37541650000000004,0.38634999999999997,0.80875,0.143042,4563
285,4.0,0.0,10,0.0,3.0,1.0,3,0.37541650000000004,0.38634999999999997,0.90625,0.24815,2416
286,4.0,0.0,10,0.0,4.0,1.0,2,0.37541650000000004,0.38634999999999997,0.896667,0.141787,2913
287,4.0,0.0,10,0.0,5.0,1.0,2,0.37541650000000004,0.38634999999999997,0.71625,0.223883,3644
288,4.0,0.0,10,0.0,6.0,0.0,1,0.37541650000000004,0.38634999999999997,0.483333,0.258083,5217
289,4.0,0.0,10,0.0,0.0,0.0,1,0.37541650000000004,0.38634999999999997,0.486667,0.281717,5041
290,4.0,0.0,10,0.0,1.0,1.0,1,0.37541650000000004,0.38634999999999997,0.579583,0.175379,4570
291,4.0,0.0,10,0.0,2.0,1.0,2,0.37541650000000004,0.38634999999999997,0.701667,0.1100869999999999,4748
292,4.0,0.0,10,0.0,3.0,1.0,3,0.37541650000000004,0.38634999999999997,0.895217,0.243339,2424
293,4.0,0.0,10,0.0,4.0,1.0,1,0.37541650000000004,0.38634999999999997,0.63625,0.422275,4195
294,4.0,0.0,10,0.0,5.0,1.0,1,0.37541650000000004,0.38634999999999997,0.574167,0.221396,4304
295,4.0,0.0,10,0.0,6.0,0.0,1,0.37541650000000004,0.38634999999999997,0.629167,0.0926666999999999,4308
296,4.0,0.0,10,0.0,0.0,0.0,1,0.37541650000000004,0.38634999999999997,0.74125,0.0995125,4381
297,4.0,0.0,10,0.0,1.0,1.0,1,0.37541650000000004,0.38634999999999997,0.772083,0.118792,4187
298,4.0,0.0,10,0.0,2.0,1.0,1,0.37541650000000004,0.38634999999999997,0.622917,0.166658,4687
299,4.0,0.0,10,0.0,3.0,1.0,2,0.37541650000000004,0.38634999999999997,0.720417,0.180971,3894
300,4.0,0.0,10,0.0,4.0,1.0,2,0.37541650000000004,0.38634999999999997,0.812917,0.197763,2659
301,4.0,0.0,10,0.0,5.0,1.0,2,0.37541650000000004,0.38634999999999997,0.585833,0.229479,3747
302,4.0,0.0,10,0.0,6.0,0.0,3,0.37541650000000004,0.38634999999999997,0.8825,0.351371,627
303,4.0,0.0,10,0.0,0.0,0.0,1,0.37541650000000004,0.38634999999999997,0.62375,0.176617,3331
304,4.0,0.0,10,0.0,1.0,1.0,1,0.37541650000000004,0.38634999999999997,0.703333,0.10635,3669
305,4.0,0.0,11,0.0,2.0,1.0,1,0.37541650000000004,0.38634999999999997,0.68375,0.135571,4068
306,4.0,0.0,11,0.0,3.0,1.0,1,0.37541650000000004,0.38634999999999997,0.71875,0.0820916999999999,4186
307,4.0,0.0,11,0.0,4.0,1.0,1,0.37541650000000004,0.38634999999999997,0.702083,0.136817,3974
308,4.0,0.0,11,0.0,5.0,1.0,2,0.37541650000000004,0.38634999999999997,0.6225,0.271779,4046
309,4.0,0.0,11,0.0,6.0,0.0,1,0.37541650000000004,0.38634999999999997,0.519167,0.1890619999999999,3926
310,4.0,0.0,11,0.0,0.0,0.0,1,0.37541650000000004,0.38634999999999997,0.734583,0.0920541999999999,3649
311,4.0,0.0,11,0.0,1.0,1.0,1,0.37541650000000004,0.38634999999999997,0.75875,0.057225,4035
312,4.0,0.0,11,0.0,2.0,1.0,1,0.37541650000000004,0.38634999999999997,0.7216670000000001,0.0690375,4205
313,4.0,0.0,11,0.0,3.0,1.0,1,0.37541650000000004,0.38634999999999997,0.758333,0.0621958,4109
314,4.0,0.0,11,0.0,4.0,1.0,2,0.37541650000000004,0.38634999999999997,0.813333,0.189067,2933
315,4.0,0.0,11,1.0,5.0,0.0,1,0.37541650000000004,0.38634999999999997,0.44625,0.314675,3368
316,4.0,0.0,11,0.0,6.0,0.0,1,0.37541650000000004,0.38634999999999997,0.552917,0.212062,4067
317,4.0,0.0,11,0.0,0.0,0.0,1,0.37541650000000004,0.38634999999999997,0.458333,0.281721,3717
318,4.0,0.0,11,0.0,1.0,1.0,1,0.37541650000000004,0.38634999999999997,0.587083,0.306596,4486
319,4.0,0.0,11,0.0,2.0,1.0,2,0.37541650000000004,0.38634999999999997,0.68875,0.199633,4195
320,4.0,0.0,11,0.0,3.0,1.0,3,0.37541650000000004,0.38634999999999997,0.93,0.136829,1817
321,4.0,0.0,11,0.0,4.0,1.0,2,0.37541650000000004,0.38634999999999997,0.575833,0.3053619999999999,3053
322,4.0,0.0,11,0.0,5.0,1.0,1,0.37541650000000004,0.38634999999999997,0.41,0.168533,3392
323,4.0,0.0,11,0.0,6.0,0.0,1,0.37541650000000004,0.38634999999999997,0.502083,0.224496,3663
324,4.0,0.0,11,0.0,0.0,0.0,2,0.37541650000000004,0.38634999999999997,0.6845829999999999,0.18595,3520
325,4.0,0.0,11,0.0,1.0,1.0,3,0.37541650000000004,0.38634999999999997,0.91,0.138054,2765
326,4.0,0.0,11,0.0,2.0,1.0,3,0.37541650000000004,0.38634999999999997,0.9625,0.118792,1607
327,4.0,0.0,11,0.0,3.0,1.0,2,0.37541650000000004,0.38634999999999997,0.757917,0.335825,2566
328,4.0,0.0,11,1.0,4.0,0.0,1,0.37541650000000004,0.38634999999999997,0.549167,0.167304,1495
329,4.0,0.0,11,0.0,5.0,1.0,1,0.37541650000000004,0.38634999999999997,0.64375,0.0988958,2792
330,4.0,0.0,11,0.0,6.0,0.0,1,0.37541650000000004,0.38634999999999997,0.681667,0.0684208,3068
331,4.0,0.0,11,0.0,0.0,0.0,1,0.37541650000000004,0.38634999999999997,0.698333,0.208954,3071
332,4.0,0.0,11,0.0,1.0,1.0,1,0.37541650000000004,0.38634999999999997,0.743043,0.142122,3867
333,4.0,0.0,11,0.0,2.0,1.0,2,0.37541650000000004,0.38634999999999997,0.830833,0.258092,2914
334,4.0,0.0,11,0.0,3.0,1.0,1,0.37541650000000004,0.38634999999999997,0.613333,0.271158,3613
335,4.0,0.0,12,0.0,4.0,1.0,1,0.37541650000000004,0.38634999999999997,0.524583,0.220158,3727
336,4.0,0.0,12,0.0,5.0,1.0,1,0.37541650000000004,0.38634999999999997,0.625833,0.100754,3940
337,4.0,0.0,12,0.0,6.0,0.0,1,0.37541650000000004,0.38634999999999997,0.612917,0.0957833,3614
338,4.0,0.0,12,0.0,0.0,0.0,1,0.37541650000000004,0.38634999999999997,0.775833,0.0839583,3485
339,4.0,0.0,12,0.0,1.0,1.0,2,0.37541650000000004,0.38634999999999997,0.827083,0.0622083,3811
340,4.0,0.0,12,0.0,2.0,1.0,3,0.37541650000000004,0.38634999999999997,0.949583,0.2325829999999999,2594
341,4.0,0.0,12,0.0,3.0,1.0,3,0.37541650000000004,0.38634999999999997,0.970417,0.266175,705
342,4.0,0.0,12,0.0,4.0,1.0,1,0.37541650000000004,0.38634999999999997,0.58,0.240058,3322
343,4.0,0.0,12,0.0,5.0,1.0,1,0.37541650000000004,0.38634999999999997,0.695833,0.0827166999999999,3620
344,4.0,0.0,12,0.0,6.0,0.0,1,0.37541650000000004,0.38634999999999997,0.5075,0.233221,3190
345,4.0,0.0,12,0.0,0.0,0.0,1,0.37541650000000004,0.38634999999999997,0.49,0.0665417,2743
346,4.0,0.0,12,0.0,1.0,1.0,1,0.37541650000000004,0.38634999999999997,0.670833,0.06345,3310
347,4.0,0.0,12,0.0,2.0,1.0,1,0.37541650000000004,0.38634999999999997,0.59,0.14055,3523
348,4.0,0.0,12,0.0,3.0,1.0,2,0.37541650000000004,0.38634999999999997,0.66375,0.0609583,3740
349,4.0,0.0,12,0.0,4.0,1.0,2,0.37541650000000004,0.38634999999999997,0.634167,0.268042,3709
350,4.0,0.0,12,0.0,5.0,1.0,2,0.37541650000000004,0.38634999999999997,0.500417,0.260575,3577
351,4.0,0.0,12,0.0,6.0,0.0,2,0.37541650000000004,0.38634999999999997,0.560833,0.243167,2739
352,4.0,0.0,12,0.0,0.0,0.0,1,0.37541650000000004,0.38634999999999997,0.58625,0.1697789999999999,2431
353,4.0,0.0,12,0.0,1.0,1.0,1,0.37541650000000004,0.38634999999999997,0.6375,0.172896,3403
354,4.0,0.0,12,0.0,2.0,1.0,2,0.37541650000000004,0.38634999999999997,0.595417,0.0615708,3750
355,1.0,0.0,12,0.0,3.0,1.0,2,0.37541650000000004,0.38634999999999997,0.858333,0.2214,2660
356,1.0,0.0,12,0.0,4.0,1.0,2,0.37541650000000004,0.38634999999999997,0.7575,0.047275,3068
357,1.0,0.0,12,0.0,5.0,1.0,1,0.37541650000000004,0.38634999999999997,0.68625,0.274246,2209
358,1.0,0.0,12,0.0,6.0,0.0,1,0.37541650000000004,0.38634999999999997,0.5425,0.190304,1011
359,1.0,0.0,12,0.0,0.0,0.0,1,0.37541650000000004,0.38634999999999997,0.681304,0.155091,754
360,1.0,0.0,12,1.0,1.0,0.0,1,0.37541650000000004,0.38634999999999997,0.506957,0.239465,1317
361,1.0,0.0,12,0.0,2.0,1.0,2,0.37541650000000004,0.38634999999999997,0.7625,0.18845,1162
362,1.0,0.0,12,0.0,3.0,1.0,1,0.37541650000000004,0.38634999999999997,0.503913,0.293961,2302
363,1.0,0.0,12,0.0,4.0,1.0,1,0.37541650000000004,0.38634999999999997,0.574167,0.1194119999999999,2423
364,1.0,0.0,12,0.0,5.0,1.0,1,0.37541650000000004,0.38634999999999997,0.636667,0.1343369999999999,2999
365,1.0,0.0,12,0.0,6.0,0.0,1,0.37541650000000004,0.38634999999999997,0.615833,0.220154,2485
366,1.0,1.0,1,0.0,0.0,0.0,1,0.37541650000000004,0.38634999999999997,0.6925,0.192167,2294
367,1.0,1.0,1,1.0,1.0,0.0,1,0.37541650000000004,0.38634999999999997,0.381304,0.329665,1951
368,1.0,1.0,1,0.0,2.0,1.0,1,0.37541650000000004,0.38634999999999997,0.44125,0.365671,2236
369,1.0,1.0,1,0.0,3.0,1.0,2,0.37541650000000004,0.38634999999999997,0.414583,0.1847,2368
370,1.0,1.0,1,0.0,4.0,1.0,1,0.37541650000000004,0.38634999999999997,0.524167,0.129987,3272
371,1.0,1.0,1,0.0,5.0,1.0,1,0.37541650000000004,0.38634999999999997,0.542083,0.167908,4098
372,1.0,1.0,1,0.0,6.0,0.0,1,0.37541650000000004,0.38634999999999997,0.531667,0.174758,4521
373,1.0,1.0,1,0.0,0.0,0.0,1,0.37541650000000004,0.38634999999999997,0.465,0.191542,3425
374,1.0,1.0,1,0.0,1.0,1.0,2,0.37541650000000004,0.38634999999999997,0.701667,0.0989,2376
375,1.0,1.0,1,0.0,2.0,1.0,1,0.37541650000000004,0.38634999999999997,0.646522,0.187552,3598
376,1.0,1.0,1,0.0,3.0,1.0,2,0.37541650000000004,0.38634999999999997,0.8475,0.131221,2177
377,1.0,1.0,1,0.0,4.0,1.0,2,0.37541650000000004,0.38634999999999997,0.802917,0.180967,4097
378,1.0,1.0,1,0.0,5.0,1.0,1,0.37541650000000004,0.38634999999999997,0.5075,0.378108,3214
379,1.0,1.0,1,0.0,6.0,0.0,1,0.37541650000000004,0.38634999999999997,0.4575,0.187183,2493
380,1.0,1.0,1,0.0,0.0,0.0,1,0.37541650000000004,0.38634999999999997,0.419167,0.251258,2311
381,1.0,1.0,1,1.0,1.0,0.0,1,0.37541650000000004,0.38634999999999997,0.5225,0.2313579999999999,2298
382,1.0,1.0,1,0.0,2.0,1.0,2,0.37541650000000004,0.38634999999999997,0.716087,0.34913,2935
383,1.0,1.0,1,0.0,3.0,1.0,1,0.37541650000000004,0.38634999999999997,0.443333,0.415429,3376
384,1.0,1.0,1,0.0,4.0,1.0,1,0.37541650000000004,0.38634999999999997,0.4975,0.220158,3292
385,1.0,1.0,1,0.0,5.0,1.0,2,0.37541650000000004,0.38634999999999997,0.45,0.20275,3163
386,1.0,1.0,1,0.0,6.0,0.0,2,0.37541650000000004,0.38634999999999997,0.83125,0.222642,1301
387,1.0,1.0,1,0.0,0.0,0.0,2,0.37541650000000004,0.38634999999999997,0.79625,0.199638,1977
388,1.0,1.0,1,0.0,1.0,1.0,2,0.37541650000000004,0.38634999999999997,0.91125,0.1107079999999999,2432
389,1.0,1.0,1,0.0,2.0,1.0,1,0.37541650000000004,0.38634999999999997,0.54375,0.123767,4339
390,1.0,1.0,1,0.0,3.0,1.0,1,0.37541650000000004,0.38634999999999997,0.64375,0.161071,4270
391,1.0,1.0,1,0.0,4.0,1.0,2,0.37541650000000004,0.38634999999999997,0.769583,0.0733958,4075
392,1.0,1.0,1,0.0,5.0,1.0,2,0.37541650000000004,0.38634999999999997,0.74125,0.342667,3456
393,1.0,1.0,1,0.0,6.0,0.0,1,0.37541650000000004,0.38634999999999997,0.543333,0.210829,4023
394,1.0,1.0,1,0.0,0.0,0.0,1,0.37541650000000004,0.38634999999999997,0.31125,0.24005,3243
395,1.0,1.0,1,0.0,1.0,1.0,1,0.37541650000000004,0.38634999999999997,0.400833,0.215792,3624
396,1.0,1.0,1,0.0,2.0,1.0,1,0.37541650000000004,0.38634999999999997,0.416667,0.261817,4509
397,1.0,1.0,2,0.0,3.0,1.0,1,0.37541650000000004,0.38634999999999997,0.507917,0.189067,4579
398,1.0,1.0,2,0.0,4.0,1.0,2,0.37541650000000004,0.38634999999999997,0.672917,0.187187,3761
399,1.0,1.0,2,0.0,5.0,1.0,1,0.37541650000000004,0.38634999999999997,0.526667,0.178496,4151
400,1.0,1.0,2,0.0,6.0,0.0,2,0.37541650000000004,0.38634999999999997,0.779583,0.121896,2832
401,1.0,1.0,2,0.0,0.0,0.0,2,0.37541650000000004,0.38634999999999997,0.687917,0.175996,2947
402,1.0,1.0,2,0.0,1.0,1.0,1,0.37541650000000004,0.38634999999999997,0.622174,0.1538,3784
403,1.0,1.0,2,0.0,2.0,1.0,1,0.37541650000000004,0.38634999999999997,0.49625,0.147379,4375
404,1.0,1.0,2,0.0,3.0,1.0,2,0.37541650000000004,0.38634999999999997,0.722917,0.133721,2802
405,1.0,1.0,2,0.0,4.0,1.0,1,0.37541650000000004,0.38634999999999997,0.562083,0.194037,3830
406,1.0,1.0,2,0.0,5.0,1.0,2,0.37541650000000004,0.38634999999999997,0.54,0.1169289999999999,3831
407,1.0,1.0,2,0.0,6.0,0.0,3,0.37541650000000004,0.38634999999999997,0.73125,0.289796,2169
408,1.0,1.0,2,0.0,0.0,0.0,1,0.37541650000000004,0.38634999999999997,0.4645829999999999,0.4092119999999999,1529
409,1.0,1.0,2,0.0,1.0,1.0,1,0.37541650000000004,0.38634999999999997,0.41125,0.167283,3422
410,1.0,1.0,2,0.0,2.0,1.0,2,0.37541650000000004,0.38634999999999997,0.50875,0.141179,3922
411,1.0,1.0,2,0.0,3.0,1.0,1,0.37541650000000004,0.38634999999999997,0.53125,0.1816,4169
412,1.0,1.0,2,0.0,4.0,1.0,2,0.37541650000000004,0.38634999999999997,0.7529170000000001,0.091425,3005
413,1.0,1.0,2,0.0,5.0,1.0,1,0.37541650000000004,0.38634999999999997,0.634583,0.205846,4154
414,1.0,1.0,2,0.0,6.0,0.0,1,0.37541650000000004,0.38634999999999997,0.534583,0.190929,4318
415,1.0,1.0,2,0.0,0.0,0.0,2,0.37541650000000004,0.38634999999999997,0.515833,0.253112,2689
416,1.0,1.0,2,1.0,1.0,0.0,1,0.37541650000000004,0.38634999999999997,0.507826,0.2290829999999999,3129
417,1.0,1.0,2,0.0,2.0,1.0,1,0.37541650000000004,0.38634999999999997,0.594348,0.205717,3777
418,1.0,1.0,2,0.0,3.0,1.0,1,0.37541650000000004,0.38634999999999997,0.567917,0.234471,4773
419,1.0,1.0,2,0.0,4.0,1.0,1,0.37541650000000004,0.38634999999999997,0.554583,0.190913,5062
420,1.0,1.0,2,0.0,5.0,1.0,2,0.37541650000000004,0.38634999999999997,0.7375,0.237567,3487
421,1.0,1.0,2,0.0,6.0,0.0,1,0.37541650000000004,0.38634999999999997,0.395833,0.421642,2732
422,1.0,1.0,2,0.0,0.0,0.0,1,0.37541650000000004,0.38634999999999997,0.41,0.205229,3389
423,1.0,1.0,2,0.0,1.0,1.0,1,0.37541650000000004,0.38634999999999997,0.490833,0.2680329999999999,4322
424,1.0,1.0,2,0.0,2.0,1.0,1,0.37541650000000004,0.38634999999999997,0.395833,0.193417,4363
425,1.0,1.0,2,0.0,3.0,1.0,2,0.37541650000000004,0.38634999999999997,0.804783,0.179117,1834
426,1.0,1.0,3,0.0,4.0,1.0,1,0.37541650000000004,0.38634999999999997,0.615417,0.226987,4990
427,1.0,1.0,3,0.0,5.0,1.0,2,0.37541650000000004,0.38634999999999997,0.657083,0.144904,3194
428,1.0,1.0,3,0.0,6.0,0.0,2,0.37541650000000004,0.38634999999999997,0.62125,0.161079,4066
429,1.0,1.0,3,0.0,0.0,0.0,1,0.37541650000000004,0.38634999999999997,0.403333,0.334571,3423
430,1.0,1.0,3,0.0,1.0,1.0,1,0.37541650000000004,0.38634999999999997,0.50625,0.228858,3333
431,1.0,1.0,3,0.0,2.0,1.0,1,0.37541650000000004,0.38634999999999997,0.456667,0.200875,3956
432,1.0,1.0,3,0.0,3.0,1.0,1,0.37541650000000004,0.38634999999999997,0.513333,0.345779,4916
433,1.0,1.0,3,0.0,4.0,1.0,1,0.37541650000000004,0.38634999999999997,0.5675,0.441563,5382
434,1.0,1.0,3,0.0,5.0,1.0,2,0.37541650000000004,0.38634999999999997,0.407083,0.4148,4569
435,1.0,1.0,3,0.0,6.0,0.0,1,0.37541650000000004,0.38634999999999997,0.350417,0.22575,4118
436,1.0,1.0,3,0.0,0.0,0.0,1,0.37541650000000004,0.38634999999999997,0.4769569999999999,0.2225869999999999,4911
437,1.0,1.0,3,0.0,1.0,1.0,1,0.37541650000000004,0.38634999999999997,0.489167,0.207713,5298
438,1.0,1.0,3,0.0,2.0,1.0,1,0.37541650000000004,0.38634999999999997,0.6175,0.23695,5847
439,1.0,1.0,3,0.0,3.0,1.0,1,0.37541650000000004,0.38634999999999997,0.507083,0.1150619999999999,6312
440,1.0,1.0,3,0.0,4.0,1.0,1,0.37541650000000004,0.38634999999999997,0.579583,0.149883,6192
441,1.0,1.0,3,0.0,5.0,1.0,2,0.37541650000000004,0.38634999999999997,0.842083,0.113192,4378
442,1.0,1.0,3,0.0,6.0,0.0,2,0.37541650000000004,0.38634999999999997,0.755833,0.110704,7836
443,1.0,1.0,3,0.0,0.0,0.0,2,0.37541650000000004,0.38634999999999997,0.81,0.126883,5892
444,1.0,1.0,3,0.0,1.0,1.0,1,0.37541650000000004,0.38634999999999997,0.72875,0.162317,6153
445,1.0,1.0,3,0.0,2.0,1.0,1,0.37541650000000004,0.38634999999999997,0.807917,0.121271,6093
446,2.0,1.0,3,0.0,3.0,1.0,2,0.37541650000000004,0.38634999999999997,0.82125,0.0895583,6230
447,2.0,1.0,3,0.0,4.0,1.0,1,0.37541650000000004,0.38634999999999997,0.83125,0.1175619999999999,6871
448,2.0,1.0,3,0.0,5.0,1.0,2,0.37541650000000004,0.38634999999999997,0.694167,0.1163,8362
449,2.0,1.0,3,0.0,6.0,0.0,2,0.37541650000000004,0.38634999999999997,0.885417,0.1927829999999999,3372
450,2.0,1.0,3,0.0,0.0,0.0,2,0.37541650000000004,0.38634999999999997,0.880833,0.220775,4996
451,2.0,1.0,3,0.0,1.0,1.0,1,0.37541650000000004,0.38634999999999997,0.477917,0.386821,5558
452,2.0,1.0,3,0.0,2.0,1.0,1,0.37541650000000004,0.38634999999999997,0.29,0.187192,5102
453,2.0,1.0,3,0.0,3.0,1.0,1,0.37541650000000004,0.38634999999999997,0.48125,0.291671,5698
454,2.0,1.0,3,0.0,4.0,1.0,1,0.37541650000000004,0.38634999999999997,0.439167,0.31965,6133
455,2.0,1.0,3,0.0,5.0,1.0,2,0.37541650000000004,0.38634999999999997,0.580833,0.138067,5459
456,2.0,1.0,3,0.0,6.0,0.0,2,0.37541650000000004,0.38634999999999997,0.738333,0.250617,6235
457,2.0,1.0,4,0.0,0.0,0.0,2,0.37541650000000004,0.38634999999999997,0.67625,0.172267,6041
458,2.0,1.0,4,0.0,1.0,1.0,1,0.37541650000000004,0.38634999999999997,0.5043479999999999,0.312139,5936
459,2.0,1.0,4,0.0,2.0,1.0,1,0.37541650000000004,0.38634999999999997,0.396667,0.100133,6772
460,2.0,1.0,4,0.0,3.0,1.0,1,0.37541650000000004,0.38634999999999997,0.469583,0.180975,6436
461,2.0,1.0,4,0.0,4.0,1.0,1,0.37541650000000004,0.38634999999999997,0.374167,0.219529,6457
462,2.0,1.0,4,0.0,5.0,1.0,1,0.37541650000000004,0.38634999999999997,0.377083,0.300388,6460
463,2.0,1.0,4,0.0,6.0,0.0,1,0.37541650000000004,0.38634999999999997,0.254167,0.274871,6857
464,2.0,1.0,4,0.0,0.0,0.0,1,0.37541650000000004,0.38634999999999997,0.275833,0.232596,5169
465,2.0,1.0,4,0.0,1.0,1.0,1,0.37541650000000004,0.38634999999999997,0.3175,0.358196,5585
466,2.0,1.0,4,0.0,2.0,1.0,1,0.37541650000000004,0.38634999999999997,0.435,0.249375,5918
467,2.0,1.0,4,0.0,3.0,1.0,1,0.37541650000000004,0.38634999999999997,0.4695649999999999,0.295274,4862
468,2.0,1.0,4,0.0,4.0,1.0,1,0.37541650000000004,0.38634999999999997,0.46625,0.290429,5409
469,2.0,1.0,4,0.0,5.0,1.0,1,0.37541650000000004,0.38634999999999997,0.408333,0.155471,6398
470,2.0,1.0,4,0.0,6.0,0.0,1,0.37541650000000004,0.38634999999999997,0.5029170000000001,0.190917,7460
471,2.0,1.0,4,0.0,0.0,0.0,1,0.37541650000000004,0.38634999999999997,0.507917,0.225129,7132
472,2.0,1.0,4,1.0,1.0,0.0,1,0.37541650000000004,0.38634999999999997,0.561667,0.284829,6370
473,2.0,1.0,4,0.0,2.0,1.0,1,0.37541650000000004,0.38634999999999997,0.390417,0.273629,6691
474,2.0,1.0,4,0.0,3.0,1.0,2,0.37541650000000004,0.38634999999999997,0.569167,0.1679119999999999,4367
475,2.0,1.0,4,0.0,4.0,1.0,1,0.37541650000000004,0.38634999999999997,0.6125,0.0659292,6565
476,2.0,1.0,4,0.0,5.0,1.0,1,0.37541650000000004,0.38634999999999997,0.694583,0.149871,7290
477,2.0,1.0,4,0.0,6.0,0.0,1,0.37541650000000004,0.38634999999999997,0.682917,0.283587,6624
478,2.0,1.0,4,0.0,0.0,0.0,3,0.37541650000000004,0.38634999999999997,0.835417,0.344546,1027
479,2.0,1.0,4,0.0,1.0,1.0,2,0.37541650000000004,0.38634999999999997,0.766667,0.303496,3214
480,2.0,1.0,4,0.0,2.0,1.0,1,0.37541650000000004,0.38634999999999997,0.454167,0.249383,5633
481,2.0,1.0,4,0.0,3.0,1.0,1,0.37541650000000004,0.38634999999999997,0.427917,0.118792,6196
482,2.0,1.0,4,0.0,4.0,1.0,2,0.37541650000000004,0.38634999999999997,0.756667,0.176625,5026
483,2.0,1.0,4,0.0,5.0,1.0,1,0.37541650000000004,0.38634999999999997,0.400833,0.3476329999999999,6233
484,2.0,1.0,4,0.0,6.0,0.0,2,0.37541650000000004,0.38634999999999997,0.489583,0.129975,4220
485,2.0,1.0,4,0.0,0.0,0.0,1,0.37541650000000004,0.38634999999999997,0.587083,0.116908,6304
486,2.0,1.0,4,0.0,1.0,1.0,2,0.37541650000000004,0.38634999999999997,0.57,0.171638,5572
487,2.0,1.0,5,0.0,2.0,1.0,2,0.37541650000000004,0.38634999999999997,0.659583,0.156096,5740
488,2.0,1.0,5,0.0,3.0,1.0,1,0.37541650000000004,0.38634999999999997,0.797083,0.138058,6169
489,2.0,1.0,5,0.0,4.0,1.0,2,0.37541650000000004,0.38634999999999997,0.768333,0.133696,6421
490,2.0,1.0,5,0.0,5.0,1.0,1,0.37541650000000004,0.38634999999999997,0.735417,0.162938,6296
491,2.0,1.0,5,0.0,6.0,0.0,2,0.37541650000000004,0.38634999999999997,0.756667,0.152992,6883
492,2.0,1.0,5,0.0,0.0,0.0,2,0.37541650000000004,0.38634999999999997,0.74,0.1498789999999999,6359
493,2.0,1.0,5,0.0,1.0,1.0,2,0.37541650000000004,0.38634999999999997,0.664167,0.230721,6273
494,2.0,1.0,5,0.0,2.0,1.0,2,0.37541650000000004,0.38634999999999997,0.685833,0.296029,5728
495,2.0,1.0,5,0.0,3.0,1.0,2,0.37541650000000004,0.38634999999999997,0.744167,0.216412,4717
496,2.0,1.0,5,0.0,4.0,1.0,1,0.37541650000000004,0.38634999999999997,0.552083,0.314063,6572
497,2.0,1.0,5,0.0,5.0,1.0,1,0.37541650000000004,0.38634999999999997,0.360417,0.2369369999999999,7030
498,2.0,1.0,5,0.0,6.0,0.0,1,0.37541650000000004,0.38634999999999997,0.480417,0.1231329999999999,7429
499,2.0,1.0,5,0.0,0.0,0.0,1,0.37541650000000004,0.38634999999999997,0.57625,0.225117,6118
500,2.0,1.0,5,0.0,1.0,1.0,2,0.37541650000000004,0.38634999999999997,0.789583,0.212692,2843
501,2.0,1.0,5,0.0,2.0,1.0,2,0.37541650000000004,0.38634999999999997,0.794583,0.147392,5115
502,2.0,1.0,5,0.0,3.0,1.0,1,0.37541650000000004,0.38634999999999997,0.697917,0.122512,7424
503,2.0,1.0,5,0.0,4.0,1.0,1,0.37541650000000004,0.38634999999999997,0.52,0.229475,7384
504,2.0,1.0,5,0.0,5.0,1.0,1,0.37541650000000004,0.38634999999999997,0.523333,0.136817,7639
505,2.0,1.0,5,0.0,6.0,0.0,1,0.37541650000000004,0.38634999999999997,0.45625,0.083975,8294
506,2.0,1.0,5,0.0,0.0,0.0,1,0.37541650000000004,0.38634999999999997,0.530417,0.254367,7129
507,2.0,1.0,5,0.0,1.0,1.0,2,0.37541650000000004,0.38634999999999997,0.81125,0.233204,4359
508,2.0,1.0,5,0.0,2.0,1.0,2,0.37541650000000004,0.38634999999999997,0.765833,0.118167,6073
509,2.0,1.0,5,0.0,3.0,1.0,2,0.37541650000000004,0.38634999999999997,0.774583,0.102,5260
510,2.0,1.0,5,0.0,4.0,1.0,1,0.37541650000000004,0.38634999999999997,0.716667,0.172896,6770
511,2.0,1.0,5,0.0,5.0,1.0,1,0.37541650000000004,0.38634999999999997,0.7470829999999999,0.14055,6734
512,2.0,1.0,5,0.0,6.0,0.0,1,0.37541650000000004,0.38634999999999997,0.7325,0.198992,6536
513,2.0,1.0,5,0.0,0.0,0.0,1,0.37541650000000004,0.38634999999999997,0.697083,0.215171,6591
514,2.0,1.0,5,1.0,1.0,0.0,1,0.37541650000000004,0.38634999999999997,0.67625,0.196521,6043
515,2.0,1.0,5,0.0,2.0,1.0,1,0.37541650000000004,0.38634999999999997,0.6845829999999999,0.2954,5743
516,2.0,1.0,5,0.0,3.0,1.0,2,0.37541650000000004,0.38634999999999997,0.67,0.134329,6855
517,2.0,1.0,5,0.0,4.0,1.0,1,0.37541650000000004,0.38634999999999997,0.492917,0.195279,7338
518,2.0,1.0,6,0.0,5.0,1.0,2,0.37541650000000004,0.38634999999999997,0.755417,0.237563,4127
519,2.0,1.0,6,0.0,6.0,0.0,1,0.37541650000000004,0.38634999999999997,0.549167,0.1865619999999999,8120
520,2.0,1.0,6,0.0,0.0,0.0,1,0.37541650000000004,0.38634999999999997,0.4933329999999999,0.184087,7641
521,2.0,1.0,6,0.0,1.0,1.0,1,0.37541650000000004,0.38634999999999997,0.487083,0.284833,6998
522,2.0,1.0,6,0.0,2.0,1.0,2,0.37541650000000004,0.38634999999999997,0.613333,0.209575,7001
523,2.0,1.0,6,0.0,3.0,1.0,1,0.37541650000000004,0.38634999999999997,0.61125,0.077125,7055
524,2.0,1.0,6,0.0,4.0,1.0,1,0.37541650000000004,0.38634999999999997,0.567083,0.15735,7494
525,2.0,1.0,6,0.0,5.0,1.0,1,0.37541650000000004,0.38634999999999997,0.467917,0.1753829999999999,7736
526,2.0,1.0,6,0.0,6.0,0.0,1,0.37541650000000004,0.38634999999999997,0.437083,0.144287,7498
527,2.0,1.0,6,0.0,0.0,0.0,1,0.37541650000000004,0.38634999999999997,0.538333,0.133721,6598
528,2.0,1.0,6,0.0,1.0,1.0,2,0.37541650000000004,0.38634999999999997,0.587917,0.207713,6664
529,2.0,1.0,6,0.0,2.0,1.0,2,0.37541650000000004,0.38634999999999997,0.833333,0.180971,4972
530,2.0,1.0,6,0.0,3.0,1.0,1,0.37541650000000004,0.38634999999999997,0.582083,0.343279,7421
531,2.0,1.0,6,0.0,4.0,1.0,1,0.37541650000000004,0.38634999999999997,0.569583,0.253733,7363
532,2.0,1.0,6,0.0,5.0,1.0,1,0.37541650000000004,0.38634999999999997,0.589583,0.176617,7665
533,2.0,1.0,6,0.0,6.0,0.0,1,0.37541650000000004,0.38634999999999997,0.504167,0.166667,7702
534,2.0,1.0,6,0.0,0.0,0.0,1,0.37541650000000004,0.38634999999999997,0.59875,0.144904,6978
535,2.0,1.0,6,0.0,1.0,1.0,2,0.37541650000000004,0.38634999999999997,0.777917,0.174746,5099
536,2.0,1.0,6,0.0,2.0,1.0,1,0.37541650000000004,0.38634999999999997,0.69,0.148017,6825
537,2.0,1.0,6,0.0,3.0,1.0,1,0.37541650000000004,0.38634999999999997,0.592083,0.1138119999999999,6211
538,3.0,1.0,6,0.0,4.0,1.0,1,0.37541650000000004,0.38634999999999997,0.567917,0.1187869999999999,5905
539,3.0,1.0,6,0.0,5.0,1.0,1,0.37541650000000004,0.38634999999999997,0.57375,0.182842,5823
540,3.0,1.0,6,0.0,6.0,0.0,1,0.37541650000000004,0.38634999999999997,0.534583,0.179721,7458
541,3.0,1.0,6,0.0,0.0,0.0,1,0.37541650000000004,0.38634999999999997,0.479167,0.145525,6891
542,3.0,1.0,6,0.0,1.0,1.0,1,0.37541650000000004,0.38634999999999997,0.504167,0.300383,6779
543,3.0,1.0,6,0.0,2.0,1.0,1,0.37541650000000004,0.38634999999999997,0.3733329999999999,0.347642,7442
544,3.0,1.0,6,0.0,3.0,1.0,1,0.37541650000000004,0.38634999999999997,0.36,0.271775,7335
545,3.0,1.0,6,0.0,4.0,1.0,1,0.37541650000000004,0.38634999999999997,0.4225,0.17165,6879
546,3.0,1.0,6,0.0,5.0,1.0,1,0.37541650000000004,0.38634999999999997,0.48875,0.165417,5463
547,3.0,1.0,6,0.0,6.0,0.0,1,0.37541650000000004,0.38634999999999997,0.60125,0.161071,5687
548,3.0,1.0,7,0.0,0.0,0.0,1,0.37541650000000004,0.38634999999999997,0.51875,0.1685289999999999,5531
549,3.0,1.0,7,0.0,1.0,1.0,1,0.37541650000000004,0.38634999999999997,0.447083,0.195267,6227
550,3.0,1.0,7,0.0,2.0,1.0,1,0.37541650000000004,0.38634999999999997,0.492083,0.126237,6660
551,3.0,1.0,7,1.0,3.0,0.0,1,0.37541650000000004,0.38634999999999997,0.53875,0.13495,7403
552,3.0,1.0,7,0.0,4.0,1.0,1,0.37541650000000004,0.38634999999999997,0.457917,0.194029,6241
553,3.0,1.0,7,0.0,5.0,1.0,1,0.37541650000000004,0.38634999999999997,0.450833,0.146142,6207
554,3.0,1.0,7,0.0,6.0,0.0,1,0.37541650000000004,0.38634999999999997,0.492083,0.163554,4840
555,3.0,1.0,7,0.0,0.0,0.0,1,0.37541650000000004,0.38634999999999997,0.57375,0.125629,4672
556,3.0,1.0,7,0.0,1.0,1.0,2,0.37541650000000004,0.38634999999999997,0.683333,0.180975,6569
557,3.0,1.0,7,0.0,2.0,1.0,2,0.37541650000000004,0.38634999999999997,0.6675,0.1517369999999999,6290
558,3.0,1.0,7,0.0,3.0,1.0,1,0.37541650000000004,0.38634999999999997,0.633333,0.1517329999999999,7264
559,3.0,1.0,7,0.0,4.0,1.0,1,0.37541650000000004,0.38634999999999997,0.529583,0.146775,7446
560,3.0,1.0,7,0.0,5.0,1.0,2,0.37541650000000004,0.38634999999999997,0.485833,0.08085,7499
561,3.0,1.0,7,0.0,6.0,0.0,2,0.37541650000000004,0.38634999999999997,0.699167,0.143679,6969
562,3.0,1.0,7,0.0,0.0,0.0,1,0.37541650000000004,0.38634999999999997,0.717917,0.166667,6031
563,3.0,1.0,7,0.0,1.0,1.0,1,0.37541650000000004,0.38634999999999997,0.645,0.164187,6830
564,3.0,1.0,7,0.0,2.0,1.0,1,0.37541650000000004,0.38634999999999997,0.505833,0.114429,6786
565,3.0,1.0,7,0.0,3.0,1.0,1,0.37541650000000004,0.38634999999999997,0.577083,0.137442,5713
566,3.0,1.0,7,0.0,4.0,1.0,1,0.37541650000000004,0.38634999999999997,0.600417,0.165429,6591
567,3.0,1.0,7,0.0,5.0,1.0,2,0.37541650000000004,0.38634999999999997,0.844167,0.208967,5870
568,3.0,1.0,7,0.0,6.0,0.0,3,0.37541650000000004,0.38634999999999997,0.865417,0.2133,4459
569,3.0,1.0,7,0.0,0.0,0.0,2,0.37541650000000004,0.38634999999999997,0.7625,0.0939208,7410
570,3.0,1.0,7,0.0,1.0,1.0,1,0.37541650000000004,0.38634999999999997,0.694167,0.138683,6966
571,3.0,1.0,7,0.0,2.0,1.0,1,0.37541650000000004,0.38634999999999997,0.655,0.211454,7592
572,3.0,1.0,7,0.0,3.0,1.0,1,0.37541650000000004,0.38634999999999997,0.45,0.1648,8173
573,3.0,1.0,7,0.0,4.0,1.0,1,0.37541650000000004,0.38634999999999997,0.5966670000000001,0.284813,6861
574,3.0,1.0,7,0.0,5.0,1.0,1,0.37541650000000004,0.38634999999999997,0.594583,0.152992,6904
575,3.0,1.0,7,0.0,6.0,0.0,1,0.37541650000000004,0.38634999999999997,0.613333,0.15735,6685
576,3.0,1.0,7,0.0,0.0,0.0,1,0.37541650000000004,0.38634999999999997,0.62375,0.170396,6597
577,3.0,1.0,7,0.0,1.0,1.0,1,0.37541650000000004,0.38634999999999997,0.66875,0.153617,7105
578,3.0,1.0,7,0.0,2.0,1.0,1,0.37541650000000004,0.38634999999999997,0.704167,0.165425,7216
579,3.0,1.0,8,0.0,3.0,1.0,1,0.37541650000000004,0.38634999999999997,0.6775,0.141179,7580
580,3.0,1.0,8,0.0,4.0,1.0,1,0.37541650000000004,0.38634999999999997,0.659583,0.129354,7261
581,3.0,1.0,8,0.0,5.0,1.0,2,0.37541650000000004,0.38634999999999997,0.6425,0.215792,7175
582,3.0,1.0,8,0.0,6.0,0.0,1,0.37541650000000004,0.38634999999999997,0.613333,0.257458,6824
583,3.0,1.0,8,0.0,0.0,0.0,1,0.37541650000000004,0.38634999999999997,0.6525,0.290421,5464
584,3.0,1.0,8,0.0,1.0,1.0,2,0.37541650000000004,0.38634999999999997,0.654167,0.129354,7013
585,3.0,1.0,8,0.0,2.0,1.0,2,0.37541650000000004,0.38634999999999997,0.70375,0.116908,7273
586,3.0,1.0,8,0.0,3.0,1.0,2,0.37541650000000004,0.38634999999999997,0.672917,0.1107,7534
587,3.0,1.0,8,0.0,4.0,1.0,1,0.37541650000000004,0.38634999999999997,0.620417,0.1561,7286
588,3.0,1.0,8,0.0,5.0,1.0,2,0.37541650000000004,0.38634999999999997,0.7158329999999999,0.238813,5786
589,3.0,1.0,8,0.0,6.0,0.0,2,0.37541650000000004,0.38634999999999997,0.732917,0.206479,6299
590,3.0,1.0,8,0.0,0.0,0.0,1,0.37541650000000004,0.38634999999999997,0.530417,0.122512,6544
591,3.0,1.0,8,0.0,1.0,1.0,1,0.37541650000000004,0.38634999999999997,0.545417,0.136212,6883
592,3.0,1.0,8,0.0,2.0,1.0,1,0.37541650000000004,0.38634999999999997,0.686667,0.169158,6784
593,3.0,1.0,8,0.0,3.0,1.0,1,0.37541650000000004,0.38634999999999997,0.619583,0.169771,7347
594,3.0,1.0,8,0.0,4.0,1.0,1,0.37541650000000004,0.38634999999999997,0.519167,0.141796,7605
595,3.0,1.0,8,0.0,5.0,1.0,1,0.37541650000000004,0.38634999999999997,0.570833,0.231354,7148
596,3.0,1.0,8,0.0,6.0,0.0,1,0.37541650000000004,0.38634999999999997,0.603333,0.177867,7865
597,3.0,1.0,8,0.0,0.0,0.0,2,0.37541650000000004,0.38634999999999997,0.711667,0.08645,4549
598,3.0,1.0,8,0.0,1.0,1.0,2,0.37541650000000004,0.38634999999999997,0.734167,0.1299789999999999,6530
599,3.0,1.0,8,0.0,2.0,1.0,1,0.37541650000000004,0.38634999999999997,0.67375,0.0727708,7006
600,3.0,1.0,8,0.0,3.0,1.0,1,0.37541650000000004,0.38634999999999997,0.677083,0.0702833,7375
601,3.0,1.0,8,0.0,4.0,1.0,1,0.37541650000000004,0.38634999999999997,0.635833,0.0845958,7765
602,3.0,1.0,8,0.0,5.0,1.0,2,0.37541650000000004,0.38634999999999997,0.615,0.0721458,7582
603,3.0,1.0,8,0.0,6.0,0.0,2,0.37541650000000004,0.38634999999999997,0.712917,0.244408,6053
604,3.0,1.0,8,0.0,0.0,0.0,2,0.37541650000000004,0.38634999999999997,0.845833,0.228858,5255
605,3.0,1.0,8,0.0,1.0,1.0,1,0.37541650000000004,0.38634999999999997,0.730417,0.128733,6917
606,3.0,1.0,8,0.0,2.0,1.0,1,0.37541650000000004,0.38634999999999997,0.62,0.190925,7040
607,3.0,1.0,8,0.0,3.0,1.0,1,0.37541650000000004,0.38634999999999997,0.552083,0.112562,7697
608,3.0,1.0,8,0.0,4.0,1.0,1,0.37541650000000004,0.38634999999999997,0.590417,0.0771167,7713
609,3.0,1.0,8,0.0,5.0,1.0,1,0.37541650000000004,0.38634999999999997,0.5875,0.168533,7350
610,3.0,1.0,9,0.0,6.0,0.0,2,0.37541650000000004,0.38634999999999997,0.638333,0.113187,6140
611,3.0,1.0,9,0.0,0.0,0.0,2,0.37541650000000004,0.38634999999999997,0.815,0.0640708,5810
612,3.0,1.0,9,1.0,1.0,0.0,1,0.37541650000000004,0.38634999999999997,0.790833,0.151121,6034
613,3.0,1.0,9,0.0,2.0,1.0,1,0.37541650000000004,0.38634999999999997,0.755,0.236321,6864
614,3.0,1.0,9,0.0,3.0,1.0,1,0.37541650000000004,0.38634999999999997,0.74125,0.187808,7112
615,3.0,1.0,9,0.0,4.0,1.0,2,0.37541650000000004,0.38634999999999997,0.810417,0.142421,6203
616,3.0,1.0,9,0.0,5.0,1.0,1,0.37541650000000004,0.38634999999999997,0.73625,0.171646,7504
617,3.0,1.0,9,0.0,6.0,0.0,2,0.37541650000000004,0.38634999999999997,0.799167,0.281104,5976
618,3.0,1.0,9,0.0,0.0,0.0,1,0.37541650000000004,0.38634999999999997,0.5475,0.224496,8227
619,3.0,1.0,9,0.0,1.0,1.0,1,0.37541650000000004,0.38634999999999997,0.50375,0.258713,7525
620,3.0,1.0,9,0.0,2.0,1.0,1,0.37541650000000004,0.38634999999999997,0.52,0.0920541999999999,7767
621,3.0,1.0,9,0.0,3.0,1.0,1,0.37541650000000004,0.38634999999999997,0.577083,0.131846,7870
622,3.0,1.0,9,0.0,4.0,1.0,1,0.37541650000000004,0.38634999999999997,0.637083,0.0827208,7804
623,3.0,1.0,9,0.0,5.0,1.0,1,0.37541650000000004,0.38634999999999997,0.6725,0.103863,8009
624,3.0,1.0,9,0.0,6.0,0.0,1,0.37541650000000004,0.38634999999999997,0.501667,0.247521,8714
625,3.0,1.0,9,0.0,0.0,0.0,1,0.37541650000000004,0.38634999999999997,0.57,0.0901833,7333
626,3.0,1.0,9,0.0,1.0,1.0,2,0.37541650000000004,0.38634999999999997,0.734583,0.151742,6869
627,3.0,1.0,9,0.0,2.0,1.0,2,0.37541650000000004,0.38634999999999997,0.8725,0.357587,4073
628,3.0,1.0,9,0.0,3.0,1.0,1,0.37541650000000004,0.38634999999999997,0.536667,0.215175,7591
629,3.0,1.0,9,0.0,4.0,1.0,1,0.37541650000000004,0.38634999999999997,0.618333,0.118167,7720
630,3.0,1.0,9,0.0,5.0,1.0,1,0.37541650000000004,0.38634999999999997,0.66875,0.154229,8167
631,3.0,1.0,9,0.0,6.0,0.0,1,0.37541650000000004,0.38634999999999997,0.646667,0.283583,8395
632,4.0,1.0,9,0.0,0.0,0.0,1,0.37541650000000004,0.38634999999999997,0.4670829999999999,0.2232579999999999,7907
633,4.0,1.0,9,0.0,1.0,1.0,1,0.37541650000000004,0.38634999999999997,0.492917,0.142404,7436
634,4.0,1.0,9,0.0,2.0,1.0,1,0.37541650000000004,0.38634999999999997,0.57,0.236321,7538
635,4.0,1.0,9,0.0,3.0,1.0,1,0.37541650000000004,0.38634999999999997,0.630833,0.2444,7733
636,4.0,1.0,9,0.0,4.0,1.0,2,0.37541650000000004,0.38634999999999997,0.690833,0.134342,7393
637,4.0,1.0,9,0.0,5.0,1.0,2,0.37541650000000004,0.38634999999999997,0.69,0.164179,7415
638,4.0,1.0,9,0.0,6.0,0.0,1,0.37541650000000004,0.38634999999999997,0.542917,0.227604,8555
639,4.0,1.0,9,0.0,0.0,0.0,1,0.37541650000000004,0.38634999999999997,0.583333,0.134958,6889
640,4.0,1.0,10,0.0,1.0,1.0,2,0.37541650000000004,0.38634999999999997,0.649167,0.0908041999999999,6778
641,4.0,1.0,10,0.0,2.0,1.0,3,0.37541650000000004,0.38634999999999997,0.871667,0.104475,4639
642,4.0,1.0,10,0.0,3.0,1.0,2,0.37541650000000004,0.38634999999999997,0.79375,0.0665458,7572
643,4.0,1.0,10,0.0,4.0,1.0,2,0.37541650000000004,0.38634999999999997,0.722917,0.117546,7328
644,4.0,1.0,10,0.0,5.0,1.0,1,0.37541650000000004,0.38634999999999997,0.6275,0.10635,8156
645,4.0,1.0,10,0.0,6.0,0.0,1,0.37541650000000004,0.38634999999999997,0.664167,0.268025,7965
646,4.0,1.0,10,0.0,0.0,0.0,2,0.37541650000000004,0.38634999999999997,0.708333,0.1411619999999999,3510
647,4.0,1.0,10,1.0,1.0,0.0,2,0.37541650000000004,0.38634999999999997,0.709583,0.189679,5478
648,4.0,1.0,10,0.0,2.0,1.0,2,0.37541650000000004,0.38634999999999997,0.761667,0.1903,6392
649,4.0,1.0,10,0.0,3.0,1.0,1,0.37541650000000004,0.38634999999999997,0.630833,0.187821,7691
650,4.0,1.0,10,0.0,4.0,1.0,1,0.37541650000000004,0.38634999999999997,0.463333,0.181596,7570
651,4.0,1.0,10,0.0,5.0,1.0,1,0.37541650000000004,0.38634999999999997,0.539167,0.235092,7282
652,4.0,1.0,10,0.0,6.0,0.0,1,0.37541650000000004,0.38634999999999997,0.494583,0.146142,7109
653,4.0,1.0,10,0.0,0.0,0.0,1,0.37541650000000004,0.38634999999999997,0.640417,0.2786119999999999,6639
654,4.0,1.0,10,0.0,1.0,1.0,2,0.37541650000000004,0.38634999999999997,0.7075,0.296037,5875
655,4.0,1.0,10,0.0,2.0,1.0,1,0.37541650000000004,0.38634999999999997,0.558333,0.182221,7534
656,4.0,1.0,10,0.0,3.0,1.0,1,0.37541650000000004,0.38634999999999997,0.692917,0.101371,7461
657,4.0,1.0,10,0.0,4.0,1.0,2,0.37541650000000004,0.38634999999999997,0.728333,0.2369369999999999,7509
658,4.0,1.0,10,0.0,5.0,1.0,2,0.37541650000000004,0.38634999999999997,0.815,0.134954,5424
659,4.0,1.0,10,0.0,6.0,0.0,1,0.37541650000000004,0.38634999999999997,0.572917,0.1175369999999999,8090
660,4.0,1.0,10,0.0,0.0,0.0,1,0.37541650000000004,0.38634999999999997,0.51,0.166054,6824
661,4.0,1.0,10,0.0,1.0,1.0,1,0.37541650000000004,0.38634999999999997,0.568333,0.0814833,7058
662,4.0,1.0,10,0.0,2.0,1.0,1,0.37541650000000004,0.38634999999999997,0.641667,0.0945458,7466
663,4.0,1.0,10,0.0,3.0,1.0,1,0.37541650000000004,0.38634999999999997,0.63625,0.0727791999999999,7693
664,4.0,1.0,10,0.0,4.0,1.0,2,0.37541650000000004,0.38634999999999997,0.800417,0.124375,7359
665,4.0,1.0,10,0.0,5.0,1.0,2,0.37541650000000004,0.38634999999999997,0.807083,0.132467,7444
666,4.0,1.0,10,0.0,6.0,0.0,2,0.37541650000000004,0.38634999999999997,0.72,0.235692,7852
667,4.0,1.0,10,0.0,0.0,0.0,2,0.37541650000000004,0.38634999999999997,0.694583,0.398008,4459
668,4.0,1.0,10,0.0,1.0,1.0,3,0.37541650000000004,0.38634999999999997,0.88,0.3582,22
669,4.0,1.0,10,0.0,2.0,1.0,2,0.37541650000000004,0.38634999999999997,0.8254549999999999,0.213009,1096
670,4.0,1.0,10,0.0,3.0,1.0,2,0.37541650000000004,0.38634999999999997,0.666667,0.166667,5566
671,4.0,1.0,11,0.0,4.0,1.0,2,0.37541650000000004,0.38634999999999997,0.581667,0.157346,5986
672,4.0,1.0,11,0.0,5.0,1.0,1,0.37541650000000004,0.38634999999999997,0.522083,0.266175,5847
673,4.0,1.0,11,0.0,6.0,0.0,2,0.37541650000000004,0.38634999999999997,0.49125,0.270529,5138
674,4.0,1.0,11,0.0,0.0,0.0,1,0.37541650000000004,0.38634999999999997,0.532917,0.179108,5107
675,4.0,1.0,11,0.0,1.0,1.0,1,0.37541650000000004,0.38634999999999997,0.494167,0.236325,5259
676,4.0,1.0,11,0.0,2.0,1.0,1,0.37541650000000004,0.38634999999999997,0.567083,0.173513,5686
677,4.0,1.0,11,0.0,3.0,1.0,2,0.37541650000000004,0.38634999999999997,0.5475,0.304108,5035
678,4.0,1.0,11,0.0,4.0,1.0,1,0.37541650000000004,0.38634999999999997,0.333478,0.347835,5315
679,4.0,1.0,11,0.0,5.0,1.0,1,0.37541650000000004,0.38634999999999997,0.540833,0.214558,5992
680,4.0,1.0,11,0.0,6.0,0.0,1,0.37541650000000004,0.38634999999999997,0.645417,0.0578458,6536
681,4.0,1.0,11,0.0,0.0,0.0,1,0.37541650000000004,0.38634999999999997,0.6591670000000001,0.1275,6852
682,4.0,1.0,11,1.0,1.0,0.0,1,0.37541650000000004,0.38634999999999997,0.741667,0.173517,6269
683,4.0,1.0,11,0.0,2.0,1.0,2,0.37541650000000004,0.38634999999999997,0.662917,0.342046,4094
684,4.0,1.0,11,0.0,3.0,1.0,1,0.37541650000000004,0.38634999999999997,0.552083,0.199625,5495
685,4.0,1.0,11,0.0,4.0,1.0,2,0.37541650000000004,0.38634999999999997,0.620417,0.1529869999999999,5445
686,4.0,1.0,11,0.0,5.0,1.0,1,0.37541650000000004,0.38634999999999997,0.524583,0.171025,5698
687,4.0,1.0,11,0.0,6.0,0.0,1,0.37541650000000004,0.38634999999999997,0.545417,0.179729,5629
688,4.0,1.0,11,0.0,0.0,0.0,1,0.37541650000000004,0.38634999999999997,0.692917,0.2276119999999999,4669
689,4.0,1.0,11,0.0,1.0,1.0,2,0.37541650000000004,0.38634999999999997,0.623333,0.235067,5499
690,4.0,1.0,11,0.0,2.0,1.0,2,0.37541650000000004,0.38634999999999997,0.685,0.082725,5634
691,4.0,1.0,11,0.0,3.0,1.0,1,0.37541650000000004,0.38634999999999997,0.61375,0.103246,5146
692,4.0,1.0,11,1.0,4.0,0.0,1,0.37541650000000004,0.38634999999999997,0.580417,0.0528708,2425
693,4.0,1.0,11,0.0,5.0,1.0,1,0.37541650000000004,0.38634999999999997,0.56875,0.148021,3910
694,4.0,1.0,11,0.0,6.0,0.0,1,0.37541650000000004,0.38634999999999997,0.4045829999999999,0.376871,2277
695,4.0,1.0,11,0.0,0.0,0.0,1,0.37541650000000004,0.38634999999999997,0.468333,0.1505,2424
696,4.0,1.0,11,0.0,1.0,1.0,1,0.37541650000000004,0.38634999999999997,0.535417,0.04665,5087
697,4.0,1.0,11,0.0,2.0,1.0,2,0.37541650000000004,0.38634999999999997,0.786667,0.237562,3959
698,4.0,1.0,11,0.0,3.0,1.0,1,0.37541650000000004,0.38634999999999997,0.50625,0.210821,5260
699,4.0,1.0,11,0.0,4.0,1.0,1,0.37541650000000004,0.38634999999999997,0.555652,0.115522,5323
700,4.0,1.0,11,0.0,5.0,1.0,1,0.37541650000000004,0.38634999999999997,0.649583,0.0584708,5668
701,4.0,1.0,12,0.0,6.0,0.0,2,0.37541650000000004,0.38634999999999997,0.806667,0.0597041999999999,5191
702,4.0,1.0,12,0.0,0.0,0.0,2,0.37541650000000004,0.38634999999999997,0.823333,0.1243789999999999,4649
703,4.0,1.0,12,0.0,1.0,1.0,1,0.37541650000000004,0.38634999999999997,0.7675,0.0827208,6234
704,4.0,1.0,12,0.0,2.0,1.0,1,0.37541650000000004,0.38634999999999997,0.73375,0.174129,6606
705,4.0,1.0,12,0.0,3.0,1.0,1,0.37541650000000004,0.38634999999999997,0.485,0.324021,5729
706,4.0,1.0,12,0.0,4.0,1.0,1,0.37541650000000004,0.38634999999999997,0.50875,0.174754,5375
707,4.0,1.0,12,0.0,5.0,1.0,2,0.37541650000000004,0.38634999999999997,0.764167,0.1306,5008
708,4.0,1.0,12,0.0,6.0,0.0,2,0.37541650000000004,0.38634999999999997,0.91125,0.101379,5582
709,4.0,1.0,12,0.0,0.0,0.0,2,0.37541650000000004,0.38634999999999997,0.905417,0.157975,3228
710,4.0,1.0,12,0.0,1.0,1.0,2,0.37541650000000004,0.38634999999999997,0.925,0.190308,5170
711,4.0,1.0,12,0.0,2.0,1.0,2,0.37541650000000004,0.38634999999999997,0.5966670000000001,0.296037,5501
712,4.0,1.0,12,0.0,3.0,1.0,2,0.37541650000000004,0.38634999999999997,0.538333,0.162937,5319
713,4.0,1.0,12,0.0,4.0,1.0,1,0.37541650000000004,0.38634999999999997,0.485833,0.174129,5532
714,4.0,1.0,12,0.0,5.0,1.0,1,0.37541650000000004,0.38634999999999997,0.642917,0.1312289999999999,5611
715,4.0,1.0,12,0.0,6.0,0.0,1,0.37541650000000004,0.38634999999999997,0.650417,0.10635,5047
716,4.0,1.0,12,0.0,0.0,0.0,2,0.37541650000000004,0.38634999999999997,0.83875,0.100742,3786
717,4.0,1.0,12,0.0,1.0,1.0,2,0.37541650000000004,0.38634999999999997,0.907083,0.0982583,4585
718,4.0,1.0,12,0.0,2.0,1.0,1,0.37541650000000004,0.38634999999999997,0.66625,0.221404,5557
719,4.0,1.0,12,0.0,3.0,1.0,1,0.37541650000000004,0.38634999999999997,0.625417,0.184092,5267
720,4.0,1.0,12,0.0,4.0,1.0,2,0.37541650000000004,0.38634999999999997,0.667917,0.132463,4128
721,1.0,1.0,12,0.0,5.0,1.0,2,0.37541650000000004,0.38634999999999997,0.556667,0.3743829999999999,3623
722,1.0,1.0,12,0.0,6.0,0.0,1,0.37541650000000004,0.38634999999999997,0.44125,0.407346,1749
723,1.0,1.0,12,0.0,0.0,0.0,1,0.37541650000000004,0.38634999999999997,0.515417,0.1330829999999999,1787
724,1.0,1.0,12,0.0,1.0,1.0,2,0.37541650000000004,0.38634999999999997,0.791304,0.0772303999999999,920
725,1.0,1.0,12,1.0,2.0,0.0,2,0.37541650000000004,0.38634999999999997,0.734783,0.168726,1013
726,1.0,1.0,12,0.0,3.0,1.0,3,0.37541650000000004,0.38634999999999997,0.823333,0.316546,441
727,1.0,1.0,12,0.0,4.0,1.0,2,0.37541650000000004,0.38634999999999997,0.652917,0.3501329999999999,2114
728,1.0,1.0,12,0.0,5.0,1.0,2,0.37541650000000004,0.38634999999999997,0.59,0.155471,3095
729,1.0,1.0,12,0.0,6.0,0.0,2,0.37541650000000004,0.38634999999999997,0.7529170000000001,0.124383,1341
730,1.0,1.0,12,0.0,0.0,0.0,1,0.37541650000000004,0.38634999999999997,0.483333,0.350754,1796
731,1.0,1.0,12,0.0,1.0,0.0,2,0.37541650000000004,0.38634999999999997,0.5775,0.154846,2729
